,title,company,Skills,Job Type
0,Financial Analyst,Central,"['Accounting/Finance', 'General/Cost Accounting']",Full-Time
1,Financial Analyst,Marina South,"['Accounting/Finance', 'Corporate Finance/Investment']",Full-Time
2,Financial Planning & Analyst,"East, West","['Accounting/Finance', 'Corporate Finance/Investment']",Full-Time
3,Financial Analyst,West,"['Accounting/Finance', 'General/Cost Accounting']",Full-Time
4,Financial Analyst,West,"['Accounting/Finance', 'General/Cost Accounting']",Full-Time
5,Financial Analyst/ Senior Financial Analyst (US MNC),Singapore,"['Accounting/Finance', 'General/Cost Accounting']",Full-Time
6,Contract - Financial Analyst,Kallang,"['Accounting/Finance', 'General/Cost Accounting']",Contract
7,"Financial Analyst, MRPA - Management Reporting & Analysis",Singapore,"['Accounting/Finance', 'Banking/Financial']",Full-Time
8,Finance Reporting Analyst - Officer,Singapore,"['Accounting/Finance', 'General/Cost Accounting', 'Computer/Information Technology', 'IT-Software']",Full-Time
9,FP&A - Analyst / Senior Analyst,Singapore,"['Accounting/Finance', 'General/Cost Accounting']",Full-Time
10,Senior Analyst/Assistant Manager (FP&A) | Open to Big4,Singapore,"['Accounting/Finance', 'General/Cost Accounting']",Full-Time
11,Category Finance Analyst - Haircare,,"['Accounting/Finance', 'General/Cost Accounting']",Temporary
12,Senior Commercial Financial Analyst (FMCG),,"['Accounting/Finance', 'General/Cost Accounting']",Full-Time
13,Senior Financial Analyst - (21007787),,"['Accounting/Finance', 'General/Cost Accounting']",Full-Time
14,Finance Analyst (1 Yr Contract),Central,"['Accounting/Finance', 'General/Cost Accounting']",Full-Time
15,*NEW* Perm Financial Analyst - MNCs (Up to $6.5K),Central,"['Accounting/Finance', 'General/Cost Accounting', 'Audit & Taxation']",Full-Time
16,Senior Finance Analyst,Central,"['Accounting/Finance', 'General/Cost Accounting', 'Banking/Financial']",Full-Time
17,"Financial Analyst, SEA and Pacific",Pioneer,"['Accounting/Finance', 'General/Cost Accounting']",Full-Time
18,Business Analyst,Company Confidential,"['Accounting/Finance', 'Corporate Finance/Investment', 'Sales/Marketing', 'E-commerce']",Full-Time
19,Financial IT Analyst,Jurong East,"['Computer/Information Technology', 'IT-Network/Sys/DB Admin']",Full-Time
20,Senior Financial Analyst,West,"['Accounting/Finance', 'Audit & Taxation']",Full-Time
21,Senior Financial Analyst,Singapore,"['Accounting/Finance', 'General/Cost Accounting']",Full-Time
22,Finance Analyst,Downtown Core,"['Accounting/Finance', 'General/Cost Accounting']",Full-Time
23,Senior Financial Analyst (FP&A),Bedok,"['Accounting/Finance', 'General/Cost Accounting']",Full-Time
24,Graduate Analyst – Cognizant Consulting (Banking & Financial Services),Central,"['Sales/Marketing', 'Marketing/Business Dev', 'Accounting/Finance', 'Banking/Financial']",Full-Time
25,Senior Finance Analyst,Paya Lebar,"['Accounting/Finance', 'General/Cost Accounting']",Full-Time
26,Senior Finance Analyst,East,"['Accounting/Finance', 'General/Cost Accounting']",Full-Time
27,Finance Analyst (6 months contract),Central,"['Accounting/Finance', 'General/Cost Accounting', 'Audit & Taxation']",Contract
28,"Senior Finance Analyst (FP&A, Cost Analysis) - up $6500 - West - 6 months Renew",Central,"['Accounting/Finance', 'General/Cost Accounting', 'Full-Time']",Contract
29,8 months Regional Finance Analyst (SAP BCP) - up $6200 - East with transport,Central,"['Accounting/Finance', 'General/Cost Accounting', 'Full-Time']",Contract
30,Financial Analyst,Central,"['Accounting/Finance', 'General/Cost Accounting']",Full-Time
31,Financial Analyst,Marina South,"['Accounting/Finance', 'Corporate Finance/Investment']",Full-Time
32,Financial Analyst (FP&A),Singapore,['Accounting/Finance'],General/Cost Accounting
33,Commercial Finance Analyst,Singapore,['Accounting/Finance'],General/Cost Accounting
34,Financial Planning & Analyst,"East, West","['Accounting/Finance', 'Corporate Finance/Investment']",Full-Time
35,Financial Analyst,West,"['Accounting/Finance', 'General/Cost Accounting']",Full-Time
36,Financial Analyst,West,"['Accounting/Finance', 'General/Cost Accounting']",Full-Time
37,Financial Analyst/ Senior Financial Analyst (US MNC),Singapore,"['Accounting/Finance', 'General/Cost Accounting']",Full-Time
38,Contract - Financial Analyst,Kallang,"['Accounting/Finance', 'General/Cost Accounting']",Contract
39,"Financial Analyst, MRPA - Management Reporting & Analysis",Singapore,"['Accounting/Finance', 'Banking/Financial']",Full-Time
40,Finance Reporting Analyst - Officer,Singapore,"['Accounting/Finance', 'General/Cost Accounting', 'Computer/Information Technology', 'IT-Software']",Full-Time
41,FP&A - Analyst / Senior Analyst,Singapore,"['Accounting/Finance', 'General/Cost Accounting']",Full-Time
42,Senior Analyst/Assistant Manager (FP&A) | Open to Big4,Singapore,"['Accounting/Finance', 'General/Cost Accounting']",Full-Time
43,Category Finance Analyst - Haircare,,"['Accounting/Finance', 'General/Cost Accounting']",Temporary
44,Senior Commercial Financial Analyst (FMCG),,"['Accounting/Finance', 'General/Cost Accounting']",Full-Time
45,Senior Financial Analyst - (21007787),,"['Accounting/Finance', 'General/Cost Accounting']",Full-Time
46,Finance Analyst (1 Yr Contract),Central,"['Accounting/Finance', 'General/Cost Accounting']",Full-Time
47,Finance Analyst,Singapore,['Accounting/Finance'],General/Cost Accounting
48,*NEW* Perm Financial Analyst - MNCs (Up to $6.5K),Central,"['Accounting/Finance', 'General/Cost Accounting', 'Audit & Taxation']",Full-Time
49,Senior Finance Analyst,Central,"['Accounting/Finance', 'General/Cost Accounting', 'Banking/Financial']",Full-Time
50,"Financial Analyst, SEA and Pacific",Pioneer,"['Accounting/Finance', 'General/Cost Accounting']",Full-Time
51,Business Financial Analyst,Singapore,"['Accounting/Finance', 'Corporate Finance/Investment']",Full-Time
52,Business Analyst,Company Confidential,"['Accounting/Finance', 'Corporate Finance/Investment', 'Sales/Marketing', 'E-commerce']",Full-Time
53,Financial IT Analyst,Jurong East,"['Computer/Information Technology', 'IT-Network/Sys/DB Admin']",Full-Time
54,Senior Financial Analyst,West,"['Accounting/Finance', 'Audit & Taxation']",Full-Time
55,Senior Financial Analyst,Singapore,"['Accounting/Finance', 'General/Cost Accounting']",Full-Time
56,Finance Analyst,Downtown Core,"['Accounting/Finance', 'General/Cost Accounting']",Full-Time
57,"Senior Financial Analyst, DFIT Service Management",Singapore,['Accounting/Finance'],General/Cost Accounting
58,"Principal Financial Analyst, APAC Frontier Market",Singapore,['Accounting/Finance'],General/Cost Accounting
59,Senior Financial Analyst (FP&A),Bedok,"['Accounting/Finance', 'General/Cost Accounting']",Full-Time
60,Graduate Analyst – Cognizant Consulting (Banking & Financial Services),Central,"['Sales/Marketing', 'Marketing/Business Dev', 'Accounting/Finance', 'Banking/Financial']",Full-Time
61,Senior Finance Analyst,Paya Lebar,"['Accounting/Finance', 'General/Cost Accounting']",Full-Time
62,Senior Finance Analyst,East,"['Accounting/Finance', 'General/Cost Accounting']",Full-Time
63,Finance Analyst (6 months contract),Central,"['Accounting/Finance', 'General/Cost Accounting', 'Audit & Taxation']",Contract
64,"Senior Finance Analyst (FP&A, Cost Analysis) - up $6500 - West - 6 months Renew",Central,"['Accounting/Finance', 'General/Cost Accounting', 'Full-Time']",Contract
65,8 months Regional Finance Analyst (SAP BCP) - up $6200 - East with transport,Central,"['Accounting/Finance', 'General/Cost Accounting', 'Full-Time']",Contract
66,Regional Financial Analyst,Singapore,['Services'],Logistics/Supply Chain
67,Accountant,West,"['Accounting/Finance', 'General/Cost Accounting']",Full-Time
68,Value Stream Analyst (Manufacturing/ Pioneer),West,"['Accounting/Finance', 'General/Cost Accounting', 'Audit & Taxation']",Full-Time
69,Franchise Expense Analyst - Assistant Vice President,Singapore,"['Accounting/Finance', 'Corporate Finance/Investment', 'Banking/Financial']",Full-Time
70,8 months Finance Analyst - up $6200 - East/Immediate,Central,"['Accounting/Finance', 'General/Cost Accounting']",Contract
71,Fixed Income/ Credit Analyst,Central,"['Accounting/Finance', 'Corporate Finance/Investment']",Full-Time
72,Corporate  Financial Analyst,Singapore,"['Accounting/Finance', 'Corporate Finance/Investment']",Full-Time
73,Business Analyst (Management Reporting) 1 year contract,Central,"['Accounting/Finance', 'Banking/Financial', 'General/Cost Accounting']",Contract
74,"Financial Analyst, FP&A (Resort Operations)",Singapore,"['Accounting/Finance', 'General/Cost Accounting']",Full-Time
75,Financial Analyst,Singapore,"['Accounting/Finance', 'General/Cost Accounting', 'Computer/Information Technology', 'IT-Software']",Full-Time
76,FP&A Specialist,West,"['Accounting/Finance', 'Banking/Financial']",Full-Time
77,FP&A Analyst (6 Months contract),Jurong East,"['Accounting/Finance', 'General/Cost Accounting']",Contract
78,Finance Reporting Analyst - Officer #Citi,Singapore,"['Accounting/Finance', 'General/Cost Accounting', 'Computer/Information Technology', 'IT-Software']",Full-Time
79,Finance Analyst (Real Estate),Central,"['Accounting/Finance', 'Audit & Taxation', 'Corporate Finance/Investment']",Full-Time
80,GF - Finance Reporting Senior Analyst - AVP,East,"['Accounting/Finance', 'Banking/Financial']",Full-Time
81,Senior Financial Analyst / Asst Manager,Central,"['Accounting/Finance', 'General/Cost Accounting']",Full-Time
82,Financial Analyst (Contract),Jurong East,"['Computer/Information Technology', 'IT-Network/Sys/DB Admin']",Full-Time
83,Senior / Health Policy Analyst (Finance Policy),Singapore,"['Accounting/Finance', 'General/Cost Accounting', 'Full-Time']",Contract
84,CEO Office Analyst,Marina South,"['Education/Training', 'Training & Dev.']",Full-Time
85,Asia GCB Operations FP & A Lead Analyst - Vice President #Citi,Singapore,"['Accounting/Finance', 'Banking/Financial']",Full-Time
86,Analyst (Mgr/AVP) - Treasury Financial Control & Advisory  - (210000WE),Singapore,"['Accounting/Finance', 'Banking/Financial']",Full-Time
87,"Analyst, Financial Control",Singapore,"['Accounting/Finance', 'General/Cost Accounting']",Full-Time
88,Financial Analyst,East,"['Accounting/Finance', 'General/Cost Accounting', 'Others', 'Others']",Full-Time
89,Finance Analyst,Western Islands,"['Accounting/Finance', 'General/Cost Accounting']",Full-Time
90,Regional Financial Analyst (Pharmaceutical),Singapore,"['Others', 'Others']",Full-Time
91,Equity Research Analyst,Central,"['Accounting/Finance', 'Corporate Finance/Investment']",Full-Time
92,Finance Business Analyst (Continuous Improvement),Changi,"['Accounting/Finance', 'Banking/Financial']",Contract
93,"Finance Analyst/Senior (Healthcare Ind, Finance Shared Services) (ID: 493453)",Central,"['Accounting/Finance', 'General/Cost Accounting']",Full-Time
94,"Financial Analyst, Regional (6000, MNC)","North-East, Central","['Accounting/Finance', 'General/Cost Accounting', 'Corporate Finance/Investment']",Full-Time
95,"Senior Analyst, Investment",Central,"['Accounting/Finance', 'Banking/Financial', 'Corporate Finance/Investment']",Full-Time
96,"Manager, Financial Planning & Analysis",East,"['Accounting/Finance', 'General/Cost Accounting']",Full-Time
97,"Senior Regional Financial Analyst, APJ (Based in Singapore) - (24157-JOB)",Singapore,"['Accounting/Finance', 'General/Cost Accounting']",Full-Time
98,"Financial Reporting Analyst (AVP), GFCA –Financial Reporting - (210000WD)",Central,"['Accounting/Finance', 'Banking/Financial', 'General/Cost Accounting']",Full-Time
99,Regional Business Analyst,Central,"['Accounting/Finance', 'Audit & Taxation']",Full-Time
100,Sustainable Investment Research Analyst,Singapore,"['Accounting/Finance', 'Banking/Financial']",Full-Time
101,Franchise Expense Analyst - Assistant Vice President #Citi,Singapore,"['Accounting/Finance', 'Corporate Finance/Investment', 'Banking/Financial']",Full-Time
102,B2B - Business Analyst,"North, North-East, East, West, Central","['Accounting/Finance', 'General/Cost Accounting', 'Sales/Marketing', 'Sales - Corporate']",Full-Time
103,Business/Financial Analyst,Singapore,"['Accounting/Finance', 'General/Cost Accounting']",Full-Time
104,Business Analyst,Jurong East,"['Accounting/Finance', 'Corporate Finance/Investment']",Full-Time
105,"Analyst, Specialist, Group Finance - (WD23708)",Singapore,"['Accounting/Finance', 'Banking/Financial']",Full-Time
106,"Executive, Finance (CICTML)",Singapore,"['Accounting/Finance', 'General/Cost Accounting']",Full-Time
107,6 months Senior FP&A - up $6500 - West - Start ASAP / MNC Background,Central,"['Accounting/Finance', 'General/Cost Accounting', 'Full-Time']",Contract
108,GCG Sales Performance Analyst,Singapore,"['Sales/Marketing', 'Sales - Financial Services', 'Accounting/Finance', 'Banking/Financial']",Full-Time
109,"VP, Functional Business Analyst (Personal Financial Services), Group Technology",Singapore,"['Accounting/Finance', 'General/Cost Accounting', 'Engineering', 'Other Engineering']",Full-Time
110,Finance Analyst (Treasury),West - Others,"['Accounting/Finance', 'General/Cost Accounting']",Full-Time
111,Analyst,Company Confidential,"['Others', 'Others']",Full-Time
112,Senior Financial Analyst,Singapore,"['Accounting/Finance', 'General/Cost Accounting']",Full-Time
113,Finance Analyst (Costing / Manufacturing),West,"['Accounting/Finance', 'General/Cost Accounting']",Full-Time
114,Junior Equities Research Analyst – Singapore,Singapore,['Accounting/Finance'],Corporate Finance/Investment
115,Junior Equities Research Analyst – Singapore #179806,Central,"['Accounting/Finance', 'Corporate Finance/Investment']",Full-Time
116,6 months Renew Senior FP&A (Cost Analysis) - up $6500 - West - Urgent,Central,"['Accounting/Finance', 'General/Cost Accounting', 'Full-Time']",Contract
117,Finance Analyst,Central,"['Accounting/Finance', 'Banking/Financial', 'General/Cost Accounting']",Full-Time
118,Invoicing Analyst ( 2 Years Contract),East,"['Accounting/Finance', 'General/Cost Accounting']",Full-Time
119,Financial Analyst (IT),Singapore,"['Accounting/Finance', 'General/Cost Accounting']",Full-Time
120,FP&A Manager (Forecast & Budgeting),Central,"['Accounting/Finance', 'General/Cost Accounting']",Full-Time
121,"Finance Analyst/Senior (Healthcare Ind, Finance Shared Services) (ID: 493453)",Central,"['Accounting/Finance', 'General/Cost Accounting']",Full-Time
122,Finance Business Analyst,Changi,"['Accounting/Finance', 'General/Cost Accounting']",Full-Time
123,O&T Financial Management Analyst - (210000OW),Singapore,"['Computer/Information Technology', 'IT-Software', 'Accounting/Finance', 'Banking/Financial']",Full-Time
124,Senior FP&A Manager (Commercial Strategy),Singapore,"['Accounting/Finance', 'General/Cost Accounting']",Full-Time
125,Management Accountant,West - Others,"['Accounting/Finance', 'General/Cost Accounting']",Full-Time
126,Financial Analyst-CEL[CENTRAL / Banking/ Contract]-SL,Central,"['Accounting/Finance', 'Banking/Financial']",Full-Time
127,Finance Analyst (Invoicing) (2 Years Contract),East,"['Accounting/Finance', 'General/Cost Accounting']",Full-Time
128,Accountant / Senior Accountant (Real Estate / Good Benefits / 5 days),Central,"['Accounting/Finance', 'General/Cost Accounting']",Full-Time
129,"Regional Associate, Financial Planning & Analysis",Central,"['Accounting/Finance', 'General/Cost Accounting']",Full-Time
130,Regional Financial Planning & Analysis Manager,Central,"['Accounting/Finance', 'Audit & Taxation']",Full-Time
131,"Manager, Management Reporting",Central,"['Accounting/Finance', 'General/Cost Accounting']",Full-Time
132,Accountant,Changi,"['Accounting/Finance', 'General/Cost Accounting']",Full-Time
133,Senior Manager/Manager (MD6 - Financial Planning & Analysis) #NUS,Singapore,"['Education/Training', 'Education']",Contract
134,FINANCIAL ACCOUNTANT,Central,"['Accounting/Finance', 'General/Cost Accounting']",Full-Time
135,Financial Analyst (commodities trading),,"['Accounting/Finance', 'General/Cost Accounting']",Full-Time
136,Accountant / Senior Finance Executive (Real Estate / Good Benefits / 5 days),Central,"['Accounting/Finance', 'General/Cost Accounting']",Full-Time
137,GCG Sales Performance Analyst #Citi,Singapore,"['Sales/Marketing', 'Sales - Financial Services', 'Accounting/Finance', 'Banking/Financial']",Full-Time
138,Risk Management Analyst,Singapore,"['Accounting/Finance', 'Banking/Financial']",Contract
139,Banking Data Analyst (Wealth Management / $4.5K),East,"['Accounting/Finance', 'Banking/Financial', 'Full-Time']",Contract
140,"FP&A Analyst (Contract, Possibility to Perm or renew, Very good exposure)",Paya Lebar,"['Accounting/Finance', 'General/Cost Accounting']",Contract
141,"Financial Economist - Assistant Vice President,",Singapore,"['Accounting/Finance', 'Banking/Financial', 'Corporate Finance/Investment']",Full-Time
142,"Business Analyst, IBOR Transition - (2100013177)",Singapore,"['Accounting/Finance', 'General/Cost Accounting', 'Banking/Financial']",Full-Time
143,Accountant,Singapore,"['Accounting/Finance', 'General/Cost Accounting']",Part-Time
144,Financial Analyst,East,"['Accounting/Finance', 'General/Cost Accounting', 'Full-Time']",Contract
145,Accountant,Jurong West,"['Accounting/Finance', 'General/Cost Accounting']",Full-Time
146,Controlling Specialist,West,"['Accounting/Finance', 'General/Cost Accounting', 'Corporate Finance/Investment']",Full-Time
147,Accountant / Senior Accountant,Central,"['Accounting/Finance', 'General/Cost Accounting']",Full-Time
148,Business Analyst - (2100013558),Singapore,"['Accounting/Finance', 'General/Cost Accounting', 'Banking/Financial']",Full-Time
149,Business Analyst,East,"['Accounting/Finance', 'General/Cost Accounting', 'Others', 'Others']",Full-Time
150,Finance Business Analyst,Singapore,"['Accounting/Finance', 'General/Cost Accounting']",Contract
151,Infrastructure Senior Tech Analyst,Singapore,"['Accounting/Finance', 'General/Cost Accounting']",Full-Time
152,Senior Business Analyst (Finance),Boon Lay,"['Accounting/Finance', 'General/Cost Accounting']",Full-Time
153,SG Market Risk Reporting Analyst - Assistant Vice President #Citi,Singapore,"['Accounting/Finance', 'Banking/Financial', 'General/Cost Accounting']",Full-Time
154,Accountant,Singapore,"['Accounting/Finance', 'General/Cost Accounting']",Full-Time
155,"Senior Officer (1 year contract), Financial Information Management -Change Management, Group Finance",,"['Accounting/Finance', 'General/Cost Accounting']",Contract
156,Regional Financial Analyst,,"['Accounting/Finance', 'General/Cost Accounting']",Full-Time
157,Financial Analyst,Singapore,"['Accounting/Finance', 'Banking/Financial']",Full-Time
158,Financial Analyst (8 months Contract),Central,"['Sales/Marketing', 'Sales - Financial Services', 'Accounting/Finance', 'Banking/Financial', 'Full-Time']",Contract
159,"Business Analyst, Strategic Initiatives - (2100011971)",Singapore,"['Accounting/Finance', 'Banking/Financial', 'General/Cost Accounting']",Full-Time
160,"Analyst/ Senior Analyst, Portfolio Management",Central,"['Accounting/Finance', 'Banking/Financial']",Full-Time
161,Accountant (Financial Reporting & Analysis/Healthcare Industry)(ID: 516848),Central,"['Accounting/Finance', 'General/Cost Accounting', 'Audit & Taxation']",Full-Time
162,Accountant (2 Years Contract),East,"['Accounting/Finance', 'General/Cost Accounting']",Full-Time
163,"Accountant, Financial Planning & Analysis (FP&A)",East,"['Accounting/Finance', 'General/Cost Accounting', 'Audit & Taxation']",Full-Time
164,Credit Analyst - Financial Institutions  - (210000SP),Singapore,"['Accounting/Finance', 'Banking/Financial']",Full-Time
165,Equity Analyst - Global TMT / Consumer / Cyclical,Company Confidential,"['Accounting/Finance', 'Banking/Financial']",Full-Time
166,Credit Risk Analyst | Japanese MNC | Trading | Permanent | CBD |,Central,"['Accounting/Finance', 'Banking/Financial', 'General/Cost Accounting']",Full-Time
167,Accountant,Orchard,"['Accounting/Finance', 'General/Cost Accounting']",Full-Time
168,"Assistant Director / Associate, Foreign Investment Accounting",Central,"['Accounting/Finance', 'Corporate Finance/Investment']",Full-Time
169,Senior Business Analyst ( Financial /Administrative Management )- 6 mths $10K,East,"['Accounting/Finance', 'Corporate Finance/Investment', 'Banking/Financial']",Full-Time
170,DCM Analyst - Investment Banking,Singapore,"['Accounting/Finance', 'Corporate Finance/Investment']",Full-Time
171,Accountant,Central,"['Accounting/Finance', 'General/Cost Accounting', 'Audit & Taxation']",Full-Time
172,Senior Financial Analyst,Kallang,"['Accounting/Finance', 'General/Cost Accounting']",Full-Time
173,Business Analyst,Singapore,"['Computer/Information Technology', 'IT-Software', 'Full-Time']",Contract
174,Accountant,North-East,"['Accounting/Finance', 'General/Cost Accounting']",Full-Time
175,Investment Finance Analyst - Private Bank #Citi,Singapore,"['Accounting/Finance', 'Banking/Financial', 'Corporate Finance/Investment']",Full-Time
176,Senior Accountant/Assistant Finance Manager (SG GL),Central,"['Accounting/Finance', 'General/Cost Accounting']",Full-Time
177,6 MONTHS CONTRACT FP&A SPECIALIST (CONVERTIBLE),Central,"['Accounting/Finance', 'General/Cost Accounting']",Full-Time
178,Accountant,Singapore,"['Accounting/Finance', 'General/Cost Accounting']",Contract
179,APAC FP&A Senior / Manager,Singapore,"['Accounting/Finance', 'General/Cost Accounting']",Full-Time
180,Financial Analyst,Singapore,"['Accounting/Finance', 'Banking/Financial']",Full-Time
181,Financial Analyst (8 months Contract),Central,"['Sales/Marketing', 'Sales - Financial Services', 'Accounting/Finance', 'Banking/Financial', 'Full-Time']",Contract
182,FP&A & Finance Transformation Manager,Central,"['Accounting/Finance', 'General/Cost Accounting']",Full-Time
183,"Business Analyst, Strategic Initiatives - (2100011971)",Singapore,"['Accounting/Finance', 'Banking/Financial', 'General/Cost Accounting']",Full-Time
184,"Analyst/ Senior Analyst, Portfolio Management",Central,"['Accounting/Finance', 'Banking/Financial']",Full-Time
185,Accountant (Financial Reporting & Analysis/Healthcare Industry)(ID: 516848),Central,"['Accounting/Finance', 'General/Cost Accounting', 'Audit & Taxation']",Full-Time
186,Accountant (2 Years Contract),East,"['Accounting/Finance', 'General/Cost Accounting']",Full-Time
187,Senior Technical Business Analyst (TVL&FUNCTION),Singapore,"['Accounting/Finance', 'Banking/Financial']",Full-Time
188,"Global Investment Research, Content Management Group, Supervisory Analyst, Associate (79848)",Central,"['Accounting/Finance', 'Banking/Financial']",Full-Time
189,"Accountant, Financial Planning & Analysis (FP&A)",East,"['Accounting/Finance', 'General/Cost Accounting', 'Audit & Taxation']",Full-Time
190,Trade Surveillance Analyst,Singapore,"['Accounting/Finance', 'Banking/Financial']",Full-Time
191,Credit Analyst - Financial Institutions  - (210000SP),Singapore,"['Accounting/Finance', 'Banking/Financial']",Full-Time
192,Equity Analyst - Global TMT / Consumer / Cyclical,Company Confidential,"['Accounting/Finance', 'Banking/Financial']",Full-Time
193,Credit Risk Analyst | Japanese MNC | Trading | Permanent | CBD |,Central,"['Accounting/Finance', 'Banking/Financial', 'General/Cost Accounting']",Full-Time
194,Accountant,Orchard,"['Accounting/Finance', 'General/Cost Accounting']",Full-Time
195,"Assistant Director / Associate, Foreign Investment Accounting",Central,"['Accounting/Finance', 'Corporate Finance/Investment']",Full-Time
196,Senior Business Analyst ( Financial /Administrative Management )- 6 mths $10K,East,"['Accounting/Finance', 'Corporate Finance/Investment', 'Banking/Financial']",Full-Time
197,DCM Analyst - Investment Banking,Singapore,"['Accounting/Finance', 'Corporate Finance/Investment']",Full-Time
198,Accountant,Central,"['Accounting/Finance', 'General/Cost Accounting', 'Audit & Taxation']",Full-Time
199,"Accountant, Finance and Accounting (Contract)",Central,"['Accounting/Finance', 'General/Cost Accounting']",Full-Time
200,Senior Financial Analyst,Kallang,"['Accounting/Finance', 'General/Cost Accounting']",Full-Time
201,Business Analyst,Singapore,"['Computer/Information Technology', 'IT-Software', 'Full-Time']",Contract
202,"Senior Finance Analyst, Pharmaceuticals",Singapore,['Accounting/Finance'],General/Cost Accounting
203,Accountant,North-East,"['Accounting/Finance', 'General/Cost Accounting']",Full-Time
204,Analyst - Investment Banking,Central,"['Accounting/Finance', 'Banking/Financial']",Full-Time
205,Investment Finance Analyst - Private Bank #Citi,Singapore,"['Accounting/Finance', 'Banking/Financial', 'Corporate Finance/Investment']",Full-Time
206,Senior Accountant/Assistant Finance Manager (SG GL),Central,"['Accounting/Finance', 'General/Cost Accounting']",Full-Time
207,6 MONTHS CONTRACT FP&A SPECIALIST (CONVERTIBLE),Central,"['Accounting/Finance', 'General/Cost Accounting']",Full-Time
208,Accountant,Singapore,"['Accounting/Finance', 'General/Cost Accounting']",Contract
209,APAC FP&A Senior / Manager,Singapore,"['Accounting/Finance', 'General/Cost Accounting']",Full-Time
210,Business Analyst,Singapore,"['Sales/Marketing', 'Marketing/Business Dev']",Full-Time
211,ACCOUNTANT (5 Days ),Company Confidential,"['Accounting/Finance', 'General/Cost Accounting']",Full-Time
212,"Macroeconomist/Financial Economist - Vice President, #Citi",Singapore,"['Accounting/Finance', 'Banking/Financial', 'Corporate Finance/Investment']",Full-Time
213,"Finance Operations Analyst, P2P",Central,"['Accounting/Finance', 'General/Cost Accounting']",Full-Time
214,Project Analyst/Assistant Manager (Construction Finance),Singapore,"['Accounting/Finance', 'General/Cost Accounting', 'Computer/Information Technology', 'IT-Software']",Full-Time
215,Business Analyst (MUST HAVE FINANCIAL BACKGROUND),Central,"['Accounting/Finance', 'General/Cost Accounting', 'Banking/Financial']",Full-Time
216,"AVP, Portfolio Analyst (Retail)",Singapore,"['Accounting/Finance', 'Banking/Financial']",Full-Time
217,"FP&A Manager, South Asia, Cartier",Central,"['Accounting/Finance', 'General/Cost Accounting']",Full-Time
218,Balance Sheet Management Lead Analyst - Vice President #Citi,Singapore,"['Accounting/Finance', 'Banking/Financial']",Full-Time
219,"Senior Accountant (2 years contract, convertible to permanent role)",Bukit Merah,"['Accounting/Finance', 'General/Cost Accounting']",Contract
220,MAG FX Quantitative Analyst - (2100006746),Singapore,"['Accounting/Finance', 'Banking/Financial', 'General/Cost Accounting']",Full-Time
221,"Analyst, Treasury",Singapore,"['Accounting/Finance', 'Banking/Financial']",Full-Time
222,Accountant,Central,"['Accounting/Finance', 'General/Cost Accounting']",Full-Time
223,Transaction Monitoring Analyst (6 months contract),Singapore,"['Accounting/Finance', 'Banking/Financial']",Contract
224,GF - Balance Sheet Management Lead Analyst - Vice President #Citi,Singapore,"['Accounting/Finance', 'Banking/Financial', 'Corporate Finance/Investment']",Full-Time
225,Research Analyst,Singapore,"['Accounting/Finance', 'Banking/Financial']",Full-Time
226,Accountant,Company Confidential,"['Accounting/Finance', 'General/Cost Accounting']",Full-Time
227,Accountant,Jurong East,"['Accounting/Finance', 'General/Cost Accounting']",Full-Time
228,Senior Regional Accountant (12 months),Downtown Core,"['Accounting/Finance', 'General/Cost Accounting']",Contract
229,Finance Business Partner,North-East,"['Accounting/Finance', 'General/Cost Accounting']",Full-Time
230,Senior Financial Analyst (Regional Reporting/ Business Partnering/ $7000-$9000),West,"['Accounting/Finance', 'General/Cost Accounting']",Full-Time
231,"AVP, Risk Analyst, Risk Prevention and Talent Management, Consumer - (2100013J)",Singapore,"['Accounting/Finance', 'Banking/Financial']",Full-Time
232,Cost Executive (West Area),West,"['Accounting/Finance', 'General/Cost Accounting', 'Audit & Taxation']",Full-Time
233,Associate Portfolio Analysis and Monitoring - (2100015409),Singapore,"['Accounting/Finance', 'Banking/Financial']",Full-Time
234,"Manager, Financial Planning & Analysis",Singapore,"['Accounting/Finance', 'Corporate Finance/Investment']",Full-Time
235,Billing Analyst (Japanese speaking),Singapore,"['Accounting/Finance', 'General/Cost Accounting']",Full-Time
236,Senior/Project Accountant,North-East,"['Accounting/Finance', 'General/Cost Accounting']",Full-Time
237,Infrastructure Senior Tech Analyst #Citi,Singapore,"['Accounting/Finance', 'General/Cost Accounting']",Full-Time
238,Investment Banking Analyst #Citi,Singapore,"['Accounting/Finance', 'Corporate Finance/Investment']",Full-Time
239,Business Planning and Analysis Manager,Outram,"['Others', 'Others']",Full-Time
240,"SEA Finance Analyst, Contract",West,"['Accounting/Finance', 'General/Cost Accounting', 'Audit & Taxation']",Contract
241,FP & A Group Manager - Senior Vice President,Singapore,"['Accounting/Finance', 'Corporate Finance/Investment', 'General/Cost Accounting']",Full-Time
242,Accountant,Central,"['Accounting/Finance', 'General/Cost Accounting']",Full-Time
243,"Credit Analyst, Financial Institutions Group - (WD20045)",Singapore,"['Accounting/Finance', 'Banking/Financial']",Full-Time
244,Accountant - Construction/Development Finance,Singapore,"['Accounting/Finance', 'General/Cost Accounting']",Full-Time
245,Management Accountant,Pioneer,"['Accounting/Finance', 'General/Cost Accounting']",Full-Time
246,"Finance Manager (MNC, Goods Based Industry, 85% FP&A)",Singapore,"['Accounting/Finance', 'General/Cost Accounting']",Full-Time
247,Accounting Analyst (Manufacturing Ind / MNC),West,"['Accounting/Finance', 'General/Cost Accounting', 'Audit & Taxation']",Full-Time
248,Senior Accountant,Central,"['Accounting/Finance', 'General/Cost Accounting']",Full-Time
249,Trade Accountant (Contract Term),Central,"['Accounting/Finance', 'General/Cost Accounting']",Full-Time
250,Principal Analyst – Corporate Strategy & Business Development,West,"['Admin/Human Resources', 'Top Management']",Full-Time
251,Senior Accountant,Central,"['Accounting/Finance', 'General/Cost Accounting']",Full-Time
252,Accountant,Sembawang,"['Accounting/Finance', 'General/Cost Accounting']",Full-Time
253,"Manager, Finance",West,"['Accounting/Finance', 'General/Cost Accounting', 'Audit & Taxation']",Full-Time
254,Financial IT Analyst (Contract),Jurong East,"['Computer/Information Technology', 'IT-Network/Sys/DB Admin']",Full-Time
255,"Accountant (FP&A, Financial Reporting)",Central,"['Accounting/Finance', 'General/Cost Accounting', 'Audit & Taxation']",Full-Time
256,Business Analyst-SHL [EAST /Banking/ Contract]-SL,Central,"['Accounting/Finance', 'Banking/Financial']",Full-Time
257,Regional Finance Analyst - Open to Big 4,Singapore,"['Accounting/Finance', 'General/Cost Accounting']",Full-Time
258,"Cost Executive (Up to $3,500)",West,"['Accounting/Finance', 'General/Cost Accounting', 'Audit & Taxation']",Full-Time
259,"Regional Financial Analyst, APAC",Singapore,"['Others', 'Others']",Full-Time
260,"Financial Economist - Assistant Vice President, #Citi",Singapore,"['Accounting/Finance', 'Banking/Financial', 'Corporate Finance/Investment']",Full-Time
261,Business Analysis Sr Manager,Singapore,"['Accounting/Finance', 'General/Cost Accounting']",Full-Time
262,Assistant / Accounting Analyst,Singapore,"['Accounting/Finance', 'General/Cost Accounting']",Full-Time
263,GF – Asia GCB Technology FP&A Lead (Vice President) #Citi,Singapore,"['Accounting/Finance', 'Banking/Financial', 'Corporate Finance/Investment']",Full-Time
264,Operations Program Management Senior Analyst,Singapore,"['Accounting/Finance', 'Banking/Financial']",Full-Time
265,Director Portfolio Analysis and Monitoring,Singapore,"['Accounting/Finance', 'Banking/Financial']",Full-Time
266,"Analyst, Trade Finance Operations",Straits View,"['Accounting/Finance', 'Banking/Financial']",Full-Time
267,Client Services Analyst,Singapore,"['Sales/Marketing', 'Sales - Financial Services']",Full-Time
268,"Analyst, Project Finance",,"['Accounting/Finance', 'Corporate Finance/Investment']",Full-Time
269,"Lead (FP&A, Food Services)",Jurong West,"['Accounting/Finance', 'General/Cost Accounting']",Full-Time
270,Fund Accounting Senior Supervisor- Asset Pricing & Data Operations #Citi,Singapore,"['Accounting/Finance', 'Banking/Financial', 'General/Cost Accounting']",Full-Time
271,Investment Banking Senior Analyst,Singapore,"['Accounting/Finance', 'Corporate Finance/Investment', 'Banking/Financial']",Full-Time
272,"Finance Lead - Management Reporting (Data Management, Tableau/SAP) (ID: 518494)",West,"['Accounting/Finance', 'General/Cost Accounting']",Full-Time
273,"Senior Associate/Associate, Financial Analyst, Institutional Banking - (WD20074)",Singapore,"['Accounting/Finance', 'Banking/Financial', 'Computer/Information Technology', 'IT-Software']",Full-Time
274,"Regional Accountant, Asia Growth Markets",", Singapore","['Accounting/Finance', 'General/Cost Accounting']",Full-Time
275,"Junior Business Analyst (Private Bank, SQL/VBA)",Central,"['Accounting/Finance', 'Banking/Financial', 'Admin/Human Resources', 'Clerical/Administrative Support']",Full-Time
276,Delivery Lead - (2100007597),Singapore,"['Accounting/Finance', 'General/Cost Accounting', 'Sales/Marketing', 'Marketing/Business Dev']",Full-Time
277,Accountant/Assistant Accountant,East,"['Accounting/Finance', 'General/Cost Accounting', 'Banking/Financial']",Full-Time
278,"Accountant (Costing, Asset Management, West area)(ID:522179)",Central,"['Accounting/Finance', 'General/Cost Accounting', 'Audit & Taxation']",Full-Time
279,Product Analyst,Central,"['Accounting/Finance', 'Banking/Financial']",Full-Time
280,Business Analysis Senior Analyst,Singapore,"['Accounting/Finance', 'General/Cost Accounting', 'Computer/Information Technology', 'IT-Software']",Full-Time
281,"Associate / Senior Associate , Finance",Central,"['Accounting/Finance', 'General/Cost Accounting', 'Corporate Finance/Investment']",Full-Time
282,Financial Analyst (commodities trading),,"['Accounting/Finance', 'General/Cost Accounting']",Full-Time
283,Investment Analyst,Paya Lebar,"['Accounting/Finance', 'Corporate Finance/Investment']",Full-Time
284,Accountant,Singapore,"['Accounting/Finance', 'General/Cost Accounting']",Contract
285,Accountant/ Accountant Manager,Company Confidential,"['Accounting/Finance', 'General/Cost Accounting', 'Corporate Finance/Investment']",Full-Time
286,Accountant,Singapore,"['Accounting/Finance', 'General/Cost Accounting']",Contract
287,Accountant,North-Eastern Islands,"['Accounting/Finance', 'General/Cost Accounting']",Full-Time
288,"Business Analyst (MGR/AVP), FI Banks, Global Financial Institutions - (210000BB)",Singapore,"['Accounting/Finance', 'Banking/Financial']",Full-Time
289,Business Analyst,Singapore,"['Computer/Information Technology', 'IT-Software']",Full-Time
290,Group Accountant,Paya Lebar,"['Accounting/Finance', 'General/Cost Accounting']",Full-Time
291,Sr. Legal & Client Information Service Analyst,"North, North-East, East, West, Central","['Sales/Marketing', 'Marketing/Business Dev', 'Accounting/Finance', 'Banking/Financial']",Full-Time
292,"Credit Risk Portfolio Lead Analyst, Group Risk Management - (190001QW)",Singapore,"['Accounting/Finance', 'Banking/Financial']",Full-Time
293,VP - Asia TTS O&T Financial Planning and Business Analytics Lead,Singapore,"['Accounting/Finance', 'Banking/Financial', 'Computer/Information Technology', 'IT-Software']",Full-Time
294,Finance Accountant(Revenue Recognition) - 12 Months Contract - Tech Firm,Central,"['Accounting/Finance', 'General/Cost Accounting', 'Audit & Taxation', 'Full-Time']",Contract
295,DCM Analyst - Investment Banking #Citi,Singapore,"['Accounting/Finance', 'Corporate Finance/Investment']",Full-Time
296,BI Analyst (QlikSense),Singapore,"['Computer/Information Technology', 'IT-Software']",Contract
297,Junior Business Analysis (Regulatory Reporting/Treasury) #Citi,Singapore,"['Computer/Information Technology', 'IT-Software']",Full-Time
298,Accountant,Downtown Core,"['Accounting/Finance', 'General/Cost Accounting']",Full-Time
299,Loan Operations Analyst - Singapore,Singapore,"['Accounting/Finance', 'Banking/Financial']",Full-Time
